TRUNCATE `oc_country`;
INSERT INTO `oc_country` (`country_id`, `name`, `iso_code_2`, `iso_code_3`, `address_format`, `postcode_required`, `status`) VALUES
(220, 'Україна', 'UA', 'UKR', '', 0, 1);

TRUNCATE `oc_currency`;
INSERT INTO `oc_currency` (`currency_id`, `title`, `code`, `symbol_left`, `symbol_right`, `decimal_place`, `value`, `status`, `date_modified`) VALUES
(1, 'Рубль', 'RUB', '', 'р.', '2', 1, 1, '2017-07-19 22:28:03'),
(2, 'US Dollar', 'USD', '$', '', '2', 1, 1, '2017-07-19 21:28:21'),
(3, 'Euro', 'EUR', '', '€', '2', 1, 1, '2017-07-19 21:28:21'),
(4, 'Гривна', 'UAH', '', 'грн.', '2', 1, 1, '2017-07-19 21:28:21');

TRUNCATE `oc_information_description`;
INSERT INTO `oc_information_description` (`information_id`, `language_id`, `title`, `description`, `meta_title`, `meta_description`, `meta_keyword`, `meta_h1`) VALUES
(4, 1, 'О нас', '&lt;p&gt;О нас&lt;br&gt;&lt;/p&gt;\r\n', '', '', '', ''),
(5, 1, 'Условия соглашения', '&lt;p&gt;\r\n	Условия соглашения&lt;/p&gt;\r\n', '', '', '', ''),
(3, 1, 'Политика безопасности', '&lt;p&gt;\r\n	Политика безопасности&lt;/p&gt;\r\n', '', '', '', ''),
(6, 1, 'Информация о доставке', '&lt;p&gt;\r\n	Информация о доставке&lt;/p&gt;\r\n', '', '', '', ''),
(4, 2, 'About Us', '&lt;p&gt;About Us&lt;br&gt;&lt;/p&gt;', '', '', '', ''),
(6, 2, 'Delivery Information', '&lt;p&gt;Delivery Information&lt;br&gt;&lt;/p&gt;', '', '', '', ''),
(5, 2, 'Terms &amp; Conditions', '&lt;p&gt;Terms &amp;amp; Conditions&lt;br&gt;&lt;/p&gt;', '', '', '', ''),
(3, 2, 'Privacy Policy', '&lt;p&gt;Privacy Policy&lt;br&gt;&lt;/p&gt;', '', '', '', ''),
(4, 3, 'Про нас', '&lt;p&gt;Про нас&lt;&lt;/p&gt;\r\n', '', '', '', ''),
(5, 3, 'Умови угоди', '&lt;p&gt;\r\n Умови угоди&lt;/p&gt;\r\n', '', '', '', ''),
(3, 3, 'Політика безпеки', '&lt;p&gt;\r\n Політика безпеки&lt;/p&gt;\r\n', '', '', '', ''),
(6, 3, 'Інформація про доставку', '&lt;p&gt;\r\n Інформація про доставку&lt;/p&gt;\r\n', '', '', '', '');

TRUNCATE `oc_language`;
INSERT INTO `oc_language` (`language_id`, `name`, `code`, `locale`, `image`, `directory`, `sort_order`, `status`) VALUES
(1, 'Russian', 'ru-ru', 'ru_RU.UTF-8,ru_RU,russian', 'gb.png', 'english', 1, 1),
(2, 'English', 'en-gb', 'en-US,en_US.UTF-8,en_US,en-gb,english', '', '', 2, 1),
(3, 'Українська', 'uk-ua', 'ua_UA.UTF-8,ua_UA,ua_UA,ua', '', '', 2, 1);

TRUNCATE `oc_layout`;
INSERT INTO `oc_layout` (`layout_id`, `name`) VALUES
(1, 'Головна'),
(2, 'Товар'),
(3, 'Категорія'),
(4, 'За замовчуванням'),
(5, 'Список Виробників'),
(6, 'Акаунт'),
(7, 'Оформлення замовлення'),
(8, 'Контакти'),
(9, 'Картка сайту'),
(10, 'Партнерська програма'),
(11, 'Інформація'),
(12, 'Порівняння'),
(13, 'Пошук'),
(17, 'Сторінка Виробника');

TRUNCATE `oc_length_class_description`;
INSERT INTO `oc_length_class_description` (`length_class_id`, `language_id`, `title`, `unit`) VALUES
(1, 1, 'Сантиметр', 'см'),
(1, 2, 'Centimeter', 'cm'),
(1, 3, 'Сантиметр', 'см'),
(2, 1, 'Миллиметр', 'мм'),
(2, 3, 'Міліметр', 'мм'),
(2, 2, 'Millimeter', 'mm'),
(3, 1, 'Дюйм', 'in'),
(3, 2, 'Inch', 'in'),
(3, 3, 'Дюйм', 'дм');

TRUNCATE `oc_order_status`;
INSERT INTO `oc_order_status` (`order_status_id`, `language_id`, `name`) VALUES
(1, 1, 'Ожидание'),
(2, 1, 'В обработке'),
(3, 1, 'Доставлено'),
(7, 1, 'Отменено'),
(5, 1, 'Сделка завершена'),
(8, 1, 'Возврат'),
(9, 1, 'Отмена и аннулирование'),
(10, 1, 'Неудавшийся'),
(11, 1, 'Возмещенный'),
(12, 1, 'Полностью измененный'),
(13, 1, 'Полный возврат'),
(15, 1, 'Обработано'),
(14, 1, 'Истекло'),
(16, 1, 'Анулированный'),
(1, 2, 'Pending'),
(2, 2, 'Processing'),
(8, 2, 'Denied'),
(11, 2, 'Refunded'),
(3, 2, 'Shipped'),
(10, 2, 'Failed'),
(9, 2, 'Canceled Reversal'),
(7, 2, 'Canceled'),
(12, 2, 'Reversed'),
(13, 2, 'Chargeback'),
(5, 2, 'Complete'),
(14, 2, 'Expired'),
(16, 2, 'Voided'),
(15, 2, 'Processed'),
(1, 3, 'Очікування'),
(2, 3, 'В обробці'),
(3, 3, 'Доставлено'),
(7, 3, 'Скасовано'),
(5, 3, 'Угода завершена'),
(8, 3, 'Повернення'),
(9, 3, 'Скасування та анулювання'),
(10, 3, 'Невдалий'),
(11, 3, 'відшкодування'),
(12, 3, 'Повністю змінений'),
(13, 3, 'Повний повернення'),
(15, 3, 'Опрацьовано'),
(14, 3, 'Закінчено'),
(16, 3, 'анулювати');

TRUNCATE `oc_return_action`;
INSERT INTO `oc_return_action` (`return_action_id`, `language_id`, `name`) VALUES
(1, 1, 'Возмещенный'),
(2, 1, 'Возврат средств'),
(3, 1, 'Отправлена замена'),
(1, 2, 'Refunded'),
(3, 2, 'Replacement Sent'),
(2, 2, 'Credit Issued'),
(1, 3, 'Відшкодування'),
(2, 3, 'Повернення коштів'),
(3, 3, 'Відправлена заміна');

TRUNCATE `oc_return_reason`;
INSERT INTO `oc_return_reason` (`return_reason_id`, `language_id`, `name`) VALUES
(1, 1, 'Получен неисправным (сломанным)'),
(1, 2, 'Dead On Arrival'),
(2, 1, 'Получен не тот (ошибочный) товар'),
(2, 2, 'Received Wrong Item'),
(3, 1, 'Заказан по ошибке'),
(3, 2, 'Order Error'),
(4, 1, 'Неисправен, пожалуйста укажите/приложите подробности'),
(4, 2, 'Faulty, please supply details'),
(5, 1, 'Другое (другая причина), пожалуйста укажите/приложите подробности'),
(5, 2, 'Other, please supply details'),
(1, 3, 'Отримано несправним (зламаним)'),
(2, 3, 'Отримано не той (помилковий) товар'),
(3, 3, 'Замовлений помилково'),
(4, 3, 'Несправний, будь ласка вкажіть/прикладіть подробиці'),
(5, 3, 'Інше (інша причина), будь ласка вкажіть/прикладіть подробиці');

TRUNCATE `oc_return_status`;
INSERT INTO `oc_return_status` (`return_status_id`, `language_id`, `name`) VALUES
(1, 1, 'В ожидании'),
(3, 1, 'Выполнен'),
(2, 1, 'Ожидание товара'),
(1, 2, 'Pending'),
(2, 2, 'Awaiting Products'),
(3, 2, 'Complete'),
(1, 3, 'В очікуванні'),
(3, 3, 'Виконано'),
(2, 3, 'Очікування товару');

TRUNCATE `oc_stock_status`;
INSERT INTO `oc_stock_status` (`stock_status_id`, `language_id`, `name`) VALUES
(7, 1, 'В наличии'),
(8, 1, 'Предзаказ'),
(5, 1, 'Нет в наличии'),
(6, 1, 'Ожидание 2-3 дня'),
(7, 2, 'In Stock'),
(8, 2, 'Pre-Order'),
(5, 2, 'Out Of Stock'),
(6, 2, '2-3 Days'),
(7, 3, 'В наявності'),
(8, 3, 'Предзаказ'),
(5, 3, 'Ні в наявності'),
(6, 3, 'Очікування 2-3 дні');

TRUNCATE `oc_weight_class_description`;
INSERT INTO `oc_weight_class_description` (`weight_class_id`, `language_id`, `title`, `unit`) VALUES
(1, 1, 'Килограммы', 'кг'),
(1, 2, 'Kilogram', 'kg'),
(2, 1, 'Граммы', 'г'),
(2, 2, 'Gram', 'g'),
(5, 1, 'Фунты', 'lb'),
(5, 2, 'Pound', 'lb'),
(6, 1, 'Унции', 'oz'),
(6, 2, 'Ounce', 'oz'),
(1, 3, 'Кілограми', 'кг'),
(2, 3, 'Грами', 'г'),
(5, 3, 'фунти', 'lb'),
(6, 3, 'Унції', 'oz');

TRUNCATE `oc_zone`;
INSERT INTO `oc_zone` (`zone_id`, `country_id`, `name`, `code`, `status`) VALUES
(3480, 220, 'Черкаська область', '71', 1),
(3481, 220, 'Чернігівська область', '74', 1),
(3482, 220, 'Чернівецька область', '77', 1),
(3483, 220, 'Крим', '43', 0),
(3484, 220, 'Дніпропетровська область', '12', 1),
(3485, 220, 'Донецька область', '14', 1),
(3486, 220, 'Івано-Франківська область', '26', 1),
(3487, 220, 'Херсонська область', '65', 1),
(3488, 220, 'Хмельницька область', '68', 1),
(3489, 220, 'Кіровоградська область', '35', 1),
(3490, 220, 'Київ', '30', 1),
(3491, 220, 'Київська область', '32', 1),
(3492, 220, 'Луганська область', '09', 1),
(3493, 220, 'Львівська область', '46', 1),
(3494, 220, 'Миколаївська область', '48', 1),
(3495, 220, 'Одеська область', '51', 1),
(3496, 220, 'Полтавська область', '53', 1),
(3497, 220, 'Рівненська область', '56', 1),
(3498, 220, 'Севастополь', '40', 0),
(3499, 220, 'Сумська область', '59', 1),
(3500, 220, 'Тернопільська область', '61', 1),
(3501, 220, 'Вінницька область', '05', 1),
(3502, 220, 'Волинська область', '07', 1),
(3503, 220, 'Закарпатська область', '21', 1),
(3504, 220, 'Запорізька область', '23', 1),
(3505, 220, 'Житомирська область', '18', 1);
